step,amount,oldbalanceOrg,newbalanceOrig,oldbalanceDest,newbalanceDest,isMerchant,day,errorBalanceOrig,errorBalanceDest,isOrigBalanceZeroAfter,type_CASH_IN,type_CASH_OUT,type_DEBIT,type_PAYMENT,type_TRANSFER
-0.69113797,5.6316433,0.9485354,-0.2924506,0.07699936,1.0091072,0.0,-0.5913491,0.33228582,-0.12594335,1.0,0.0,1.0,0.0,0.0,0.0
0.12392777,3.422183,0.4875623,-0.2924506,-0.323308,-0.3331041,0.0,0.08414091,0.33228582,4.96092,1.0,0.0,0.0,0.0,0.0,1.0
1.5783985,2.117115,0.21527806,-0.2924506,-0.323308,-0.3331041,0.0,1.6039935,0.33228582,3.1767106,1.0,0.0,0.0,0.0,0.0,1.0
1.4097642,5.9300604,1.0107961,-0.2924506,0.045706596,1.0290365,0.0,1.4351209,0.33228582,-0.12594338,1.0,0.0,1.0,0.0,0.0,0.0
2.3161736,1.8568939,0.16098651,-0.2924506,-0.323308,-0.3331041,0.0,2.2794836,0.33228582,2.820952,1.0,0.0,0.0,0.0,0.0,1.0
-1.0003008,3.665554,0.5383383,-0.2924506,-0.323308,-0.3331041,0.0,-0.92909414,0.33228582,5.293642,1.0,0.0,0.0,0.0,0.0,1.0
0.116901346,13.531394,2.5967083,-0.2924506,-0.261977,1.9897014,0.0,0.08414091,0.33228582,-0.12594338,1.0,0.0,1.0,0.0,0.0,0.0
2.9977372,16.300047,3.906193,0.43043435,-0.323308,-0.3331041,0.0,2.9549735,0.33228582,22.566751,0.0,0.0,0.0,0.0,0.0,1.0
0.41201136,2.670428,0.3307191,-0.2924506,-0.323308,-0.3331041,0.0,0.42188594,0.33228582,3.9331663,1.0,0.0,0.0,0.0,0.0,1.0
1.915667,16.300047,7.5465364,4.0262165,-0.323308,-0.3331041,0.0,1.9417385,0.33228582,22.566751,0.0,0.0,0.0,0.0,0.0,1.0
1.1568128,3.9632528,0.600449,-0.2924506,-0.323308,-0.3331041,0.0,1.2662485,0.33228582,5.7006373,1.0,0.0,0.0,0.0,0.0,1.0
0.48930207,1.6972706,0.12768336,-0.2924506,-0.323308,-0.3331041,0.0,0.59075844,0.33228582,2.6027248,1.0,0.0,0.0,0.0,0.0,1.0
0.6017249,5.595601,0.9410157,-0.2924506,-0.26542804,0.6862353,0.0,0.59075844,0.33228582,-0.12594338,1.0,0.0,1.0,0.0,0.0,0.0
2.7447858,14.920279,2.8864799,-0.2924506,-0.323308,-0.3331041,0.0,2.786101,0.33228582,20.680414,1.0,0.0,0.0,0.0,0.0,1.0
-0.08686509,9.709357,1.7992936,-0.2924506,-0.323308,-0.3331041,0.0,-0.084731594,0.33228582,13.556361,1.0,0.0,0.0,0.0,0.0,1.0
-0.3608958,2.6299214,0.32226795,-0.2924506,-0.323308,-0.3331041,0.0,-0.2536041,0.33228582,3.877788,1.0,0.0,0.0,0.0,0.0,1.0
0.3066149,11.502124,2.1733296,-0.2924506,0.08137582,1.9750307,0.0,0.25301343,0.33228582,-0.12594338,1.0,0.0,1.0,0.0,0.0,0.0
0.15905991,16.300047,5.0772657,1.587172,-0.323308,-0.3331041,0.0,0.25301343,0.33228582,22.566751,0.0,0.0,0.0,0.0,0.0,1.0
2.2388828,13.3270855,2.5540824,-0.2924506,-0.323308,-0.3331041,0.0,2.2794836,0.33228582,18.502298,1.0,0.0,0.0,0.0,0.0,1.0
1.0865484,16.300047,3.1743495,-0.2924506,-0.28176174,2.4250288,0.0,1.097376,0.33228582,-0.12594338,1.0,0.0,1.0,0.0,0.0,0.0
2.5972307,3.279334,0.45775887,-0.2924506,-0.323308,-0.3331041,0.0,2.6172285,0.33228582,4.7656255,1.0,0.0,0.0,0.0,0.0,1.0
-0.789508,16.300047,3.1743495,-0.2924506,-0.27064103,2.4353225,0.0,-0.7602216,0.33228582,-0.12594338,1.0,0.0,1.0,0.0,0.0,0.0
3.1031334,16.300047,4.866558,1.3790436,-0.323308,-0.3331041,0.0,3.123846,0.33228582,22.566751,0.0,0.0,0.0,0.0,0.0,1.0
1.2481563,8.757554,1.6007131,-0.2924506,-0.323308,1.1507417,0.0,1.2662485,0.33228582,-0.12594338,1.0,0.0,1.0,0.0,0.0,0.0
1.2130243,16.300047,3.1743495,-0.2924506,0.38882333,3.0457528,0.0,1.2662485,0.33228582,-0.12594338,1.0,0.0,1.0,0.0,0.0,0.0
0.36985278,4.7525845,0.76513207,-0.2924506,-0.323308,-0.3331041,0.0,0.42188594,0.33228582,6.7797637,1.0,0.0,0.0,0.0,0.0,1.0
0.36985278,16.300047,3.1743495,-0.2924506,-0.05286284,2.636908,0.0,0.42188594,0.33228582,-0.12594338,1.0,0.0,1.0,0.0,0.0,0.0
2.5269663,1.7983519,0.14877255,-0.2924506,-0.323308,-0.3331041,0.0,2.6172285,0.33228582,2.740917,1.0,0.0,0.0,0.0,0.0,1.0
1.8172971,7.599323,1.3590645,-0.2924506,-0.323308,-0.3331041,0.0,1.772866,0.33228582,10.671651,1.0,0.0,0.0,0.0,0.0,1.0
-1.2954109,6.103776,1.0470393,-0.2924506,-0.323308,-0.3331041,0.0,-1.2668391,0.33228582,8.62703,1.0,0.0,0.0,0.0,0.0,1.0
0.8054913,9.090276,1.670131,-0.2924506,-0.323308,-0.3331041,0.0,0.7596309,0.33228582,12.7099905,1.0,0.0,0.0,0.0,0.0,1.0
1.0584428,1.8650835,0.16269515,-0.2924506,-0.323308,-0.3331041,0.0,1.097376,0.33228582,2.8321483,1.0,0.0,0.0,0.0,0.0,1.0
2.2529356,1.7698501,0.14282605,-0.2924506,-0.323308,-0.3331041,0.0,2.2794836,0.33228582,2.701951,1.0,0.0,0.0,0.0,0.0,1.0
2.8572085,7.1385627,1.2629331,-0.2924506,0.63008446,1.7679752,0.0,2.9549735,0.33228582,-0.12594338,1.0,0.0,1.0,0.0,0.0,0.0
-0.13605009,14.228534,2.742157,-0.2924506,-0.323308,-0.3331041,0.0,-0.084731594,0.33228582,19.734703,1.0,0.0,0.0,0.0,0.0,1.0
-0.8949044,4.1744795,0.6445185,-0.2924506,-0.323308,-0.3331041,0.0,-0.92909414,0.33228582,5.9894137,1.0,0.0,0.0,0.0,0.0,1.0
-0.22036724,8.219641,1.4884851,-0.2924506,-0.323308,-0.3331041,0.0,-0.2536041,0.33228582,11.5197115,1.0,0.0,0.0,0.0,0.0,1.0
0.3557999,5.894967,1.0034742,-0.2924506,-0.23558028,0.7629146,0.0,0.42188594,0.33228582,-0.1259434,1.0,0.0,1.0,0.0,0.0,0.0
-0.037680086,8.456799,1.5379647,-0.2924506,-0.323308,-0.3331041,0.0,-0.084731594,0.33228582,11.843939,1.0,0.0,0.0,0.0,0.0,1.0
1.4097642,16.300047,3.1743495,-0.2924506,-0.26877335,2.4370515,0.0,1.4351209,0.33228582,-0.12594338,1.0,0.0,1.0,0.0,0.0,0.0
3.3279793,10.511835,1.9667195,-0.2924506,-0.28446057,1.4741379,0.0,3.2927186,0.33228582,-0.12594338,1.0,0.0,1.0,0.0,0.0,0.0
3.4825606,12.578686,2.3979392,-0.2924506,-0.323308,-0.3331041,0.0,3.461591,0.33228582,17.479132,1.0,0.0,0.0,0.0,0.0,1.0
0.44011706,3.1088355,0.4221867,-0.2924506,-0.323308,-0.3331041,0.0,0.42188594,0.33228582,4.53253,1.0,0.0,0.0,0.0,0.0,1.0
1.9999843,3.3088756,0.46392226,-0.2924506,-0.323308,-0.3331041,0.0,2.110611,0.33228582,4.8060126,1.0,0.0,0.0,0.0,0.0,1.0
-1.4148601,5.6266365,0.9474908,-0.2924506,-0.323308,-0.3331041,0.0,-1.4357116,0.33228582,7.974714,1.0,0.0,0.0,0.0,0.0,1.0
0.8617028,9.340808,1.7224009,-0.2924506,-0.323308,-0.3331041,0.0,0.92850345,0.33228582,13.052503,1.0,0.0,0.0,0.0,0.0,1.0
0.22229777,2.0575464,-0.2887327,-0.2924506,0.4826418,-0.3331041,0.0,0.25301343,-2.013077,9.320018,1.0,0.0,0.0,0.0,0.0,1.0
-1.0916444,15.213997,2.94776,-0.2924506,2.2981179,4.6351347,0.0,-1.0979667,0.33228582,-0.12594338,1.0,0.0,1.0,0.0,0.0,0.0
3.1312392,9.950035,1.8495077,-0.2924506,-0.32207727,1.3472677,0.0,3.123846,0.33228582,-0.12594338,1.0,0.0,1.0,0.0,0.0,0.0
0.75630635,10.857876,2.038916,-0.2924506,-0.323308,-0.3331041,0.0,0.7596309,0.33228582,15.126546,1.0,0.0,0.0,0.0,0.0,1.0
1.4519228,15.019484,2.9071777,-0.2924506,-0.0035275356,2.472756,0.0,1.4351209,0.33228582,-0.12594338,1.0,0.0,1.0,0.0,0.0,0.0
-0.4592658,3.389613,0.480767,-0.2924506,-0.323308,-0.3331041,0.0,-0.42247662,0.33228582,4.916392,1.0,0.0,0.0,0.0,0.0,1.0
0.48930207,9.359915,1.7263874,-0.2924506,-0.323308,-0.3331041,0.0,0.59075844,0.33228582,13.078625,1.0,0.0,0.0,0.0,0.0,1.0
-0.0025479435,8.07399,1.458097,-0.2924506,-0.323308,1.0387405,0.0,0.08414091,0.33228582,-0.12594338,1.0,0.0,1.0,0.0,0.0,0.0
-0.5787151,16.300047,3.1743495,-0.2924506,-0.323308,2.3865716,0.0,-0.5913491,0.33228582,-0.12594338,1.0,0.0,1.0,0.0,0.0,0.0
0.5384871,14.557206,2.8107297,-0.2924506,-0.323308,-0.3331041,0.0,0.59075844,0.33228582,20.184044,1.0,0.0,0.0,0.0,0.0,1.0
-0.789508,3.4337268,0.48997074,-0.2924506,-0.323308,-0.3331041,0.0,-0.7602216,0.33228582,4.9767017,1.0,0.0,0.0,0.0,0.0,1.0
1.2903149,6.1593003,1.0586237,-0.2924506,-0.323308,-0.3331041,0.0,1.2662485,0.33228582,8.70294,1.0,0.0,0.0,0.0,0.0,1.0
2.1826713,16.300047,3.1743495,-0.2924506,-0.323308,2.3865716,0.0,2.2794836,0.33228582,-0.12594338,1.0,0.0,1.0,0.0,0.0,0.0
-0.70519084,2.7269053,0.3425023,-0.2924506,-0.323308,-0.3331041,0.0,-0.7602216,0.33228582,4.0103784,1.0,0.0,0.0,0.0,0.0,1.0
0.10987492,2.9387352,0.38669768,-0.2924506,-0.323308,-0.3331041,0.0,0.08414091,0.33228582,4.2999797,1.0,0.0,0.0,0.0,0.0,1.0
1.3535528,2.244672,0.24189104,-0.2924506,-0.323308,-0.3331041,0.0,1.4351209,0.33228582,3.3510988,1.0,0.0,0.0,0.0,0.0,1.0
-0.22036724,5.744924,0.9721699,-0.2924506,-0.202983,0.7685037,0.0,-0.2536041,0.33228582,-0.12594338,1.0,0.0,1.0,0.0,0.0,0.0
-0.10794438,7.215176,1.2789176,-0.2924506,-0.323308,-0.3331041,0.0,-0.084731594,0.33228582,10.146468,1.0,0.0,0.0,0.0,0.0,1.0
0.90386134,8.772097,1.6037472,-0.2924506,-0.32066002,1.1555756,0.0,0.92850345,0.33228582,-0.1259434,1.0,0.0,1.0,0.0,0.0,0.0
-0.19226152,2.519257,0.29917938,-0.2924506,-0.323308,-0.3331041,0.0,-0.084731594,0.33228582,3.7264946,1.0,0.0,0.0,0.0,0.0,1.0
-1.4359394,12.877325,2.460246,-0.2924506,0.47483188,2.5645566,0.0,-1.4357116,0.33228582,-0.12594338,1.0,0.0,1.0,0.0,0.0,0.0
0.04663706,16.300047,3.6394422,0.16694884,-0.323308,-0.3331041,0.0,0.08414091,0.33228582,22.566751,0.0,0.0,0.0,0.0,0.0,1.0
-1.232173,9.330245,1.7201972,-0.2924506,-0.323308,1.2445766,0.0,-1.2668391,0.33228582,-0.12594338,1.0,0.0,1.0,0.0,0.0,0.0
-0.27657866,3.2604752,0.45382422,-0.2924506,-0.323308,-0.3331041,0.0,-0.2536041,0.33228582,4.739843,1.0,0.0,0.0,0.0,0.0,1.0
1.2481563,16.300047,5.063795,1.5738665,-0.323308,-0.3331041,0.0,1.2662485,0.33228582,22.566751,0.0,0.0,0.0,0.0,0.0,1.0
1.8102707,15.140155,2.932354,-0.2924506,-0.24185432,2.2719216,0.0,1.772866,0.33228582,-0.12594338,1.0,0.0,1.0,0.0,0.0,0.0
-0.4592658,5.268902,0.8728545,-0.2924506,-0.323308,0.6165702,0.0,-0.42247662,0.33228582,-0.4383431,1.0,0.0,1.0,0.0,0.0,0.0
1.3605793,12.990984,2.4839594,-0.2924506,-0.323308,1.844385,0.0,1.4351209,0.33228582,-0.12594338,1.0,0.0,1.0,0.0,0.0,0.0
2.5620985,7.529819,1.3445634,-0.2924506,-0.323308,-0.3331041,0.0,2.6172285,0.33228582,10.576629,1.0,0.0,0.0,0.0,0.0,1.0
2.8291028,16.300047,3.1743495,-0.2924506,-0.323308,2.3865716,0.0,2.786101,0.33228582,-0.12594338,1.0,0.0,1.0,0.0,0.0,0.0
0.53146064,7.8269944,1.406565,-0.2924506,-0.323308,-0.3331041,0.0,0.59075844,0.33228582,10.982909,1.0,0.0,0.0,0.0,0.0,1.0
1.3746321,5.765325,0.97642624,-0.2924506,-0.323308,-0.3331041,0.0,1.4351209,0.33228582,8.16432,1.0,0.0,0.0,0.0,0.0,1.0
2.8291028,16.300047,3.1743495,-0.2924506,-0.25421175,2.4505303,0.0,2.786101,0.33228582,-0.12594338,1.0,0.0,1.0,0.0,0.0,0.0
2.2459092,4.524669,0.7175807,-0.2924506,-0.323308,-0.3331041,0.0,2.2794836,0.33228582,6.4681716,1.0,0.0,0.0,0.0,0.0,1.0
0.4963285,4.655139,0.74480146,-0.2924506,-0.323308,-0.3331041,0.0,0.59075844,0.33228582,6.646542,1.0,0.0,0.0,0.0,0.0,1.0
3.4193227,1.6144357,0.11040099,-0.2924506,-0.323308,-0.3331041,0.0,3.461591,0.33228582,2.4894779,1.0,0.0,0.0,0.0,0.0,1.0
2.0351164,5.409859,0.9022633,-0.2924506,-0.30353135,0.62053156,0.0,2.110611,0.33228582,-0.12594338,1.0,0.0,1.0,0.0,0.0,0.0
1.1708657,4.47517,0.7072534,-0.2924506,-0.323308,-0.3331041,0.0,1.2662485,0.33228582,6.4004993,1.0,0.0,0.0,0.0,0.0,1.0
2.4075172,16.300047,3.1743495,-0.2924506,1.3982965,3.9801672,0.0,2.448356,0.33228582,-0.12594338,1.0,0.0,1.0,0.0,0.0,0.0
2.1475391,2.3099644,0.25551337,-0.2924506,-0.323308,-0.3331041,0.0,2.110611,0.33228582,3.4403622,1.0,0.0,0.0,0.0,0.0,1.0
1.3113942,4.395593,0.69065076,-0.2924506,-0.323308,-0.3331041,0.0,1.2662485,0.33228582,6.2917066,1.0,0.0,0.0,0.0,0.0,1.0
0.12392777,2.9461727,0.3882494,-0.2924506,-0.323308,-0.3331041,0.0,0.08414091,0.33228582,4.310148,1.0,0.0,0.0,0.0,0.0,1.0
3.2787943,12.01471,2.2802734,-0.2924506,-0.323308,1.6844236,0.0,3.2927186,0.33228582,-0.12594338,1.0,0.0,1.0,0.0,0.0,0.0
1.5854249,16.300047,5.4199944,1.9257054,-0.323308,-0.3331041,0.0,1.6039935,0.33228582,22.566751,0.0,0.0,0.0,0.0,0.0,1.0
0.31364134,2.8642118,0.37114936,-0.2924506,-0.323308,-0.3331041,0.0,0.42188594,0.33228582,4.1980953,1.0,0.0,0.0,0.0,0.0,1.0
-0.6279001,2.3263576,0.25893357,-0.2924506,-0.323308,-0.3331041,0.0,-0.5913491,0.33228582,3.462774,1.0,0.0,0.0,0.0,0.0,1.0
1.0865484,5.644599,0.95123845,-0.2924506,-0.323308,-0.3331041,0.0,1.097376,0.33228582,7.9992714,1.0,0.0,0.0,0.0,0.0,1.0
1.2692356,1.9359946,0.17748979,-0.2924506,-0.323308,-0.3331041,0.0,1.2662485,0.33228582,2.9290938,1.0,0.0,0.0,0.0,0.0,1.0
-1.625653,-0.1386019,-0.25644326,-0.2924506,0.96741974,-0.3331041,0.0,-1.6045842,0.3270502,10.061756,1.0,0.0,1.0,0.0,0.0,0.0
1.1216806,3.6374586,0.53247654,-0.2924506,-0.323308,-0.3331041,0.0,1.097376,0.33228582,5.2552314,1.0,0.0,0.0,0.0,0.0,1.0
0.29256207,7.0911055,1.2530318,-0.2924506,-0.323308,-0.3331041,0.0,0.25301343,0.33228582,9.976847,1.0,0.0,0.0,0.0,0.0,1.0
3.096107,2.0750687,0.20650566,-0.2924506,-0.323308,-0.3331041,0.0,3.123846,0.33228582,3.1192272,1.0,0.0,0.0,0.0,0.0,1.0
-1.7029437,1.1093259,-0.2887327,-0.2924506,0.88571286,-0.3270689,0.0,-1.6045842,-1.0692068,11.086427,1.0,0.0,0.0,0.0,0.0,1.0
0.43309063,6.613454,5.6514645,4.1505766,-0.13601767,0.97279763,0.0,0.42188594,0.33228585,-0.1259434,0.0,0.0,0.0,0.0,0.0,1.0
2.9555786,12.661021,2.4151173,-0.2924506,-0.24283843,1.8648071,0.0,2.9549735,0.33228582,-0.12594338,1.0,0.0,1.0,0.0,0.0,0.0
0.10987492,13.435151,2.5766287,-0.2924506,-0.323308,1.9171613,0.0,0.08414091,0.33228582,-0.12594338,1.0,0.0,1.0,0.0,0.0,0.0
3.2787943,12.01471,2.2802734,-0.2924506,-0.323308,-0.3331041,0.0,3.2927186,0.33228582,16.7081,1.0,0.0,0.0,0.0,0.0,1.0
0.16608635,4.5595636,0.7248609,-0.2924506,-0.323308,-0.3331041,0.0,0.25301343,0.33228582,6.515877,1.0,0.0,0.0,0.0,0.0,1.0
3.1874506,1.7370192,0.13597634,-0.2924506,-0.323308,-0.3331041,0.0,3.2927186,0.33228582,2.6570666,1.0,0.0,0.0,0.0,0.0,1.0
2.1053808,3.948341,0.59733784,-0.2924506,-0.323308,-0.3331041,0.0,2.110611,0.33228582,5.6802506,1.0,0.0,0.0,0.0,0.0,1.0
3.0469222,16.300047,6.3934417,2.8872366,-0.323308,-0.3331041,0.0,3.123846,0.33228582,22.566751,0.0,0.0,0.0,0.0,0.0,1.0
3.0047636,16.300047,11.292174,7.7260046,-0.323308,-0.3331041,0.0,2.9549735,0.33228582,22.566751,0.0,0.0,0.0,0.0,0.0,1.0
-0.051732942,6.543325,1.1387451,-0.2924506,-0.323308,0.7879426,0.0,-0.084731594,0.33228582,-0.12594338,1.0,0.0,1.0,0.0,0.0,0.0
-1.0565122,5.882285,1.0008284,-0.2924506,0.6217126,1.554386,0.0,-1.0979667,0.33228582,-0.12594338,1.0,0.0,1.0,0.0,0.0,0.0
1.2481563,2.1934023,0.23119432,-0.2924506,-0.323308,-0.3331041,0.0,1.2662485,0.33228582,3.2810059,1.0,0.0,0.0,0.0,0.0,1.0
0.0044784853,7.0854583,1.2518537,-0.2924506,0.6158109,1.7460618,0.0,0.08414091,0.33228582,-0.12594338,1.0,0.0,1.0,0.0,0.0,0.0
-1.1197501,7.718897,1.3840119,-0.2924506,-0.323308,-0.3331041,0.0,-1.0979667,0.33228582,10.835125,1.0,0.0,0.0,0.0,0.0,1.0
3.489587,2.6155164,0.31926256,-0.2924506,-0.323308,-0.3331041,0.0,3.461591,0.33228582,3.8580945,1.0,0.0,0.0,0.0,0.0,1.0
1.1849185,3.7268255,0.5511217,-0.2924506,-0.323308,-0.3331041,0.0,1.2662485,0.33228582,5.3774085,1.0,0.0,0.0,0.0,0.0,1.0
2.9907107,8.646125,1.577465,-0.2924506,-0.259212,1.1918144,0.0,2.9549735,0.33228582,-0.12594338,1.0,0.0,1.0,0.0,0.0,0.0
0.4752492,10.58693,1.9823871,-0.2924506,-0.323308,1.4504832,0.0,0.42188594,0.33228582,-0.12594338,1.0,0.0,1.0,0.0,0.0,0.0
-1.133803,8.562715,1.5600626,-0.2924506,-0.31412613,1.1273166,0.0,-1.0979667,0.33228582,-0.12594338,1.0,0.0,1.0,0.0,0.0,0.0
-0.12199723,16.234287,3.1606295,-0.2924506,-0.2953814,2.401647,0.0,-0.084731594,0.33228582,-0.12594338,1.0,0.0,1.0,0.0,0.0,0.0
-1.2110937,2.807905,0.35940173,-0.2924506,-0.323308,-0.3331041,0.0,-1.2668391,0.33228582,4.121116,1.0,0.0,0.0,0.0,0.0,1.0
1.5573193,2.6228428,0.3207911,-0.2924506,-0.323308,-0.3331041,0.0,1.6039935,0.33228582,3.8681104,1.0,0.0,0.0,0.0,0.0,1.0
3.025843,16.300047,3.1743495,-0.2924506,-0.06499576,2.6256773,0.0,3.123846,0.33228582,-0.12594338,1.0,0.0,1.0,0.0,0.0,0.0
0.48930207,9.359915,1.7263874,-0.2924506,-0.25655442,1.3112282,0.0,0.59075844,0.33228582,-0.12594338,1.0,0.0,1.0,0.0,0.0,0.0
3.060975,4.9306836,0.80228996,-0.2924506,-0.323308,-0.3331041,0.0,3.123846,0.33228582,7.0232496,1.0,0.0,0.0,0.0,0.0,1.0
1.3816586,2.8766358,0.37374148,-0.2924506,-0.323308,-0.3331041,0.0,1.4351209,0.33228582,4.2150807,1.0,0.0,0.0,0.0,0.0,1.0
-0.30468437,12.121614,2.3025775,-0.2924506,0.29286963,2.2723017,0.0,-0.2536041,0.33228582,-0.12594338,1.0,0.0,1.0,0.0,0.0,0.0
2.1826713,16.300047,3.1743495,-0.2924506,-0.25280353,2.4518337,0.0,2.2794836,0.33228582,-0.12594338,1.0,0.0,1.0,0.0,0.0,0.0
-1.4780979,16.300047,6.5985823,3.0898664,-0.323308,-0.3331041,0.0,-1.4357116,0.33228582,22.566751,0.0,0.0,0.0,0.0,0.0,1.0
2.1826713,16.300047,7.8759327,4.3515806,-0.323308,-0.3331041,0.0,2.2794836,0.33228582,22.566751,0.0,0.0,0.0,0.0,0.0,1.0
2.1826713,15.340406,2.9741337,-0.2924506,-0.323308,2.2293355,0.0,2.2794836,0.33228582,-0.12594338,1.0,0.0,1.0,0.0,0.0,0.0
0.9741256,2.3498375,0.26383233,-0.2924506,-0.323308,-0.3331041,0.0,0.92850345,0.33228582,3.4948745,1.0,0.0,0.0,0.0,0.0,1.0
2.6815479,3.9698973,0.60183525,-0.2924506,-0.323308,-0.3331041,0.0,2.786101,0.33228582,5.709721,1.0,0.0,0.0,0.0,0.0,1.0
3.4614813,6.1951947,1.0661126,-0.2924506,-0.323308,0.73090184,0.0,3.461591,0.33228582,-0.12594338,1.0,0.0,1.0,0.0,0.0,0.0
-0.31873724,11.648323,2.203832,-0.2924506,-0.28690177,1.6580906,0.0,-0.2536041,0.33228582,-0.12594338,1.0,0.0,1.0,0.0,0.0,0.0
2.5480456,6.296823,1.0873159,-0.2924506,0.27508563,1.3014538,0.0,2.6172285,0.33228582,-0.12594338,1.0,0.0,1.0,0.0,0.0,0.0
2.505887,1.623618,0.11231676,-0.2924506,-0.323308,-0.3331041,0.0,2.6172285,0.33228582,2.5020316,1.0,0.0,0.0,0.0,0.0,1.0
3.1031334,10.150256,1.8912811,-0.2924506,-0.323308,-0.3331041,0.0,3.123846,0.33228582,14.159131,1.0,0.0,0.0,0.0,0.0,1.0
3.4966135,16.300047,3.1743495,-0.2924506,-0.323308,2.3865716,0.0,3.461591,0.33228582,-0.12594338,1.0,0.0,1.0,0.0,0.0,0.0
1.3816586,16.300047,3.1743495,-0.2924506,-0.323308,2.3865716,0.0,1.4351209,0.33228582,-0.12594338,1.0,0.0,1.0,0.0,0.0,0.0
-0.19928795,2.33472,0.26067823,-0.2924506,-0.323308,-0.3331041,0.0,-0.2536041,0.33228582,3.4742064,1.0,0.0,0.0,0.0,0.0,1.0
1.276262,16.300047,13.419892,9.827677,-0.323308,-0.3331041,0.0,1.2662485,0.33228582,22.566751,0.0,0.0,0.0,0.0,0.0,1.0
-1.133803,8.562715,1.5600626,-0.2924506,-0.323308,-0.3331041,0.0,-1.0979667,0.33228582,11.988741,1.0,0.0,0.0,0.0,0.0,1.0
3.0398958,5.581813,0.93813896,-0.2924506,-0.3219134,0.63169074,0.0,3.123846,0.33228582,-0.1259434,1.0,0.0,1.0,0.0,0.0,0.0
0.04663706,3.6427138,0.533573,-0.2924506,-0.323308,-0.3331041,0.0,0.08414091,0.33228582,5.262416,1.0,0.0,0.0,0.0,0.0,1.0
1.3395,6.594782,1.1494808,-0.2924506,-0.323308,-0.3331041,0.0,1.4351209,0.33228582,9.298304,1.0,0.0,0.0,0.0,0.0,1.0
1.5292135,10.114819,1.8838874,-0.2924506,-0.098859906,1.5808876,0.0,1.6039935,0.33228582,-0.12594338,1.0,0.0,1.0,0.0,0.0,0.0
1.1638392,5.1129,0.8403068,-0.2924506,-0.323308,0.55356884,0.0,1.2662485,0.33228582,-0.12594338,1.0,0.0,1.0,0.0,0.0,0.0
-1.31649,2.9085708,0.38040423,-0.2924506,-0.323308,-0.3331041,0.0,-1.2668391,0.33228582,4.2587404,1.0,0.0,0.0,0.0,0.0,1.0
0.98115206,7.554824,1.3497802,-0.2924506,-0.323308,0.9536756,0.0,0.92850345,0.33228582,-0.12594338,1.0,0.0,1.0,0.0,0.0,0.0
-0.51547724,4.0384665,0.6161413,-0.2924506,-0.323308,-0.3331041,0.0,-0.42247662,0.33228582,5.8034654,1.0,0.0,0.0,0.0,0.0,1.0
-0.57168865,9.36203,1.7268288,-0.2924506,-0.323308,-0.3331041,0.0,-0.5913491,0.33228582,13.081517,1.0,0.0,0.0,0.0,0.0,1.0
3.4193227,2.4656086,0.28798637,-0.2924506,-0.323308,-0.3331041,0.0,3.461591,0.33228582,3.6531496,1.0,0.0,0.0,0.0,0.0,1.0
1.5783985,1.6354313,0.11478144,-0.2924506,-0.323308,-0.3331041,0.0,1.6039935,0.33228582,2.5181818,1.0,0.0,0.0,0.0,0.0,1.0
2.505887,5.4369464,0.90791464,-0.2924506,-0.225336,0.6973509,0.0,2.6172285,0.33228582,-0.12594338,1.0,0.0,1.0,0.0,0.0,0.0
3.5106664,10.177476,1.8969601,-0.2924506,-0.30318502,1.4020213,0.0,3.461591,0.33228582,-0.12594335,1.0,0.0,1.0,0.0,0.0,0.0
3.1663713,14.6084,2.821411,-0.2924506,-0.30846095,2.12314,0.0,3.123846,0.33228582,-0.12594338,1.0,0.0,1.0,0.0,0.0,0.0
1.4940814,16.300047,3.1743495,-0.2924506,-0.31945944,2.390134,0.0,1.6039935,0.33228582,-0.12594338,1.0,0.0,1.0,0.0,0.0,0.0
-1.428913,9.973915,1.85449,-0.2924506,-0.323308,-0.3331041,0.0,-1.4357116,0.33228582,13.918049,1.0,0.0,0.0,0.0,0.0,1.0
-1.2673051,2.5131261,0.29790026,-0.2924506,-0.323308,-0.3331041,0.0,-1.2668391,0.33228582,3.7181127,1.0,0.0,0.0,0.0,0.0,1.0
-0.36792225,2.847086,0.3675763,-0.2924506,-0.323308,-0.3331041,0.0,-0.42247662,0.33228582,4.174682,1.0,0.0,0.0,0.0,0.0,1.0
1.1708657,7.8355327,1.4083463,-0.2924506,-0.323308,-0.3331041,0.0,1.2662485,0.33228582,10.994582,1.0,0.0,0.0,0.0,0.0,1.0
-1.2462258,7.388937,1.3151703,-0.2924506,-0.323308,-0.3331041,0.0,-1.2668391,0.33228582,10.384024,1.0,0.0,0.0,0.0,0.0,1.0
2.6745214,16.300047,4.0840864,0.6061504,-0.323308,-0.3331041,0.0,2.786101,0.33228582,22.566751,0.0,0.0,0.0,0.0,0.0,1.0
0.20824492,5.9069123,1.0059665,-0.2924506,-0.28685132,0.717413,0.0,0.25301343,0.33228582,-0.12594338,1.0,0.0,1.0,0.0,0.0,0.0
0.1309542,2.3401706,0.26181552,-0.2924506,-0.323308,-0.3331041,0.0,0.08414091,0.33228582,3.4816587,1.0,0.0,0.0,0.0,0.0,1.0
1.8383764,7.2587576,1.2880101,-0.2924506,-0.31559238,0.9123074,0.0,1.9417385,0.33228582,-0.12594335,1.0,0.0,1.0,0.0,0.0,0.0
1.9437728,4.4683447,0.7058293,-0.2924506,-0.323308,-0.3331041,0.0,1.9417385,0.33228582,6.391168,1.0,0.0,0.0,0.0,0.0,1.0
0.21527134,3.476853,0.4989684,-0.2924506,-0.323308,-0.3331041,0.0,0.25301343,0.33228582,5.035661,1.0,0.0,0.0,0.0,0.0,1.0
-1.428913,9.973915,1.85449,-0.2924506,1.4562634,3.050944,0.0,-1.4357116,0.33228582,-0.5735963,1.0,0.0,1.0,0.0,0.0,0.0
2.2459092,2.3000977,0.25345483,-0.2924506,-0.323308,-0.3331041,0.0,2.2794836,0.33228582,3.4268734,1.0,0.0,0.0,0.0,0.0,1.0
1.1076277,9.393013,1.7332928,-0.2924506,-0.18469886,1.383164,0.0,1.097376,0.33228582,-0.12594338,1.0,0.0,1.0,0.0,0.0,0.0
-0.24847294,6.116113,1.0496134,-0.2924506,-0.323308,-0.3331041,0.0,-0.2536041,0.33228582,8.643897,1.0,0.0,0.0,0.0,0.0,1.0
3.2296093,10.487686,1.9616812,-0.2924506,-0.29280692,1.4624554,0.0,3.2927186,0.33228582,-0.12594338,1.0,0.0,1.0,0.0,0.0,0.0
0.98115206,7.554824,1.3497802,-0.2924506,-0.323308,-0.3331041,0.0,0.92850345,0.33228582,10.610814,1.0,0.0,0.0,0.0,0.0,1.0
-1.3375694,5.7437415,0.9719232,-0.2924506,-0.323308,-0.3331041,0.0,-1.2668391,0.33228582,8.134813,1.0,0.0,0.0,0.0,0.0,1.0
0.73522705,12.060449,2.2898161,-0.2924506,-0.323308,-0.3331041,0.0,0.7596309,0.33228582,16.77063,1.0,0.0,0.0,0.0,0.0,1.0
0.9108878,6.8299665,1.1985489,-0.2924506,-0.323308,-0.3331041,0.0,0.92850345,0.33228582,9.619834,1.0,0.0,0.0,0.0,0.0,1.0
3.3139265,13.716512,2.6353307,-0.2924506,-0.323308,1.963262,0.0,3.2927186,0.33228582,-0.12594338,1.0,0.0,1.0,0.0,0.0,0.0
0.34174708,3.988369,0.6056891,-0.2924506,-0.323308,-0.3331041,0.0,0.42188594,0.33228582,5.734975,1.0,0.0,0.0,0.0,0.0,1.0
2.2529356,5.2964244,0.87859666,-0.2924506,-0.323308,-0.3331041,0.0,2.2794836,0.33228582,7.523268,1.0,0.0,0.0,0.0,0.0,1.0
1.8172971,7.599323,1.3590645,-0.2924506,-0.323308,0.96096677,0.0,1.772866,0.33228582,-0.12594338,1.0,0.0,1.0,0.0,0.0,0.0
-1.3727015,8.812887,1.6122577,-0.2924506,0.07521854,1.5287024,0.0,-1.2668391,0.33228582,-0.12594338,1.0,0.0,1.0,0.0,0.0,0.0
0.9741256,2.133368,0.21866901,-0.2924506,-0.323308,-0.3331041,0.0,0.92850345,0.33228582,3.1989307,1.0,0.0,0.0,0.0,0.0,1.0
3.2366357,2.7237678,0.3418477,-0.2924506,-0.323308,-0.3331041,0.0,3.2927186,0.33228582,4.006089,1.0,0.0,0.0,0.0,0.0,1.0
1.0092578,16.300047,6.3295236,2.824101,-0.323308,-0.3331041,0.0,1.097376,0.33228582,22.566751,0.0,0.0,0.0,0.0,0.0,1.0
0.04663706,16.300047,10.565606,7.00833,-0.323308,-0.3331041,0.0,0.08414091,0.33228582,22.566751,0.0,0.0,0.0,0.0,0.0,1.0
3.1031334,7.812188,1.4034758,-0.2924506,-0.323308,0.99584454,0.0,3.123846,0.33228582,-0.12594338,1.0,0.0,1.0,0.0,0.0,0.0
1.9437728,5.1518736,0.8484382,-0.2924506,-0.27789617,0.60199,0.0,1.9417385,0.33228582,-0.12594338,1.0,0.0,1.0,0.0,0.0,0.0
1.3676057,2.4377444,0.28217292,-0.2924506,-0.323308,-0.3331041,0.0,1.4351209,0.33228582,3.6150556,1.0,0.0,0.0,0.0,0.0,1.0
0.21527134,8.087375,1.4608895,-0.2924506,-0.323308,-0.3331041,0.0,0.25301343,0.33228582,11.338884,1.0,0.0,0.0,0.0,0.0,1.0
0.17311278,3.3854084,0.47988978,-0.2924506,-0.323308,-0.3331041,0.0,0.25301343,0.33228582,4.9106436,1.0,0.0,0.0,0.0,0.0,1.0
1.7400063,1.9945028,0.1896967,-0.2924506,-0.323308,-0.3331041,0.0,1.772866,0.33228582,3.0090823,1.0,0.0,0.0,0.0,0.0,1.0
0.26445636,3.9417756,0.59596807,-0.2924506,-0.323308,-0.3331041,0.0,0.25301343,0.33228582,5.671275,1.0,0.0,0.0,0.0,0.0,1.0
1.423817,12.619212,2.4063945,-0.2924506,-0.323308,1.7834705,0.0,1.4351209,0.33228582,-0.12594338,1.0,0.0,1.0,0.0,0.0,0.0
0.67901564,7.465169,1.3310751,-0.2924506,-0.323308,0.9389858,0.0,0.7596309,0.33228582,-0.12594338,1.0,0.0,1.0,0.0,0.0,0.0
2.2037506,5.233294,0.86542535,-0.2924506,-0.323308,-0.3331041,0.0,2.2794836,0.33228582,7.43696,1.0,0.0,0.0,0.0,0.0,1.0
1.1076277,2.4776196,0.2904923,-0.2924506,-0.323308,-0.3331041,0.0,1.097376,0.33228582,3.6695702,1.0,0.0,0.0,0.0,0.0,1.0
0.83359706,12.444376,2.3699172,-0.2924506,3.9993312,5.756056,0.0,0.92850345,0.33228582,-0.12594338,1.0,0.0,1.0,0.0,0.0,0.0
-0.5857415,12.43262,2.3674645,-0.2924506,-0.07199976,1.9855199,0.0,-0.5913491,0.33228582,-0.12594338,1.0,0.0,1.0,0.0,0.0,0.0
1.4097642,5.9300604,1.0107961,-0.2924506,-0.323308,-0.3331041,0.0,1.4351209,0.33228582,8.389537,1.0,0.0,0.0,0.0,0.0,1.0
3.4193227,16.300047,12.634193,9.051595,-0.323308,-0.3331041,0.0,3.461591,0.33228582,22.566751,0.0,0.0,0.0,0.0,0.0,1.0
3.0398958,8.028736,1.4486556,-0.2924506,-0.323308,-0.3331041,0.0,3.123846,0.33228582,11.2587185,1.0,0.0,0.0,0.0,0.0,1.0
-0.12199723,16.234287,3.1606295,-0.2924506,-0.323308,-0.3331041,0.0,-0.084731594,0.33228582,22.476849,1.0,0.0,0.0,0.0,0.0,1.0
2.5269663,6.505805,1.1309171,-0.2924506,-0.323308,0.78179497,0.0,2.6172285,0.33228582,-0.12594338,1.0,0.0,1.0,0.0,0.0,0.0
2.0070107,2.6445699,0.32532418,-0.2924506,-0.323308,-0.3331041,0.0,2.110611,0.33228582,3.8978148,1.0,0.0,0.0,0.0,0.0,1.0
1.1427599,6.6078963,1.152217,-0.2924506,-0.21527565,0.8985222,0.0,1.097376,0.33228582,-0.12594338,1.0,0.0,1.0,0.0,0.0,0.0
2.7518122,1.9648927,0.18351898,-0.2924506,-0.323308,-0.3331041,0.0,2.786101,0.33228582,2.9686015,1.0,0.0,0.0,0.0,0.0,1.0
0.8898085,2.445374,0.2837647,-0.2924506,-0.323308,-0.3331041,0.0,0.92850345,0.33228582,3.625486,1.0,0.0,0.0,0.0,0.0,1.0
0.79846495,3.4185827,0.48681113,-0.2924506,-0.323308,-0.3331041,0.0,0.7596309,0.33228582,4.9559975,1.0,0.0,0.0,0.0,0.0,1.0
-1.6467322,3.9172678,0.5908549,-0.2924506,-0.323308,-0.2620415,0.0,-1.6045842,0.33228582,5.044831,1.0,0.0,0.0,0.0,0.0,1.0
1.1006013,7.3335934,1.3036236,-0.2924506,-0.09662708,1.1272534,0.0,1.097376,0.33228582,-0.12594338,1.0,0.0,1.0,0.0,0.0,0.0
1.7329799,5.745824,0.9723576,-0.2924506,-0.14728336,0.82020926,0.0,1.772866,0.33228582,-0.12594338,1.0,0.0,1.0,0.0,0.0,0.0
2.2388828,10.198873,1.9014243,-0.2924506,-0.323308,-0.3331041,0.0,2.2794836,0.33228582,14.225597,1.0,0.0,0.0,0.0,0.0,1.0
1.1708657,3.6955671,0.5446001,-0.2924506,-0.323308,-0.3331041,0.0,1.2662485,0.33228582,5.334674,1.0,0.0,0.0,0.0,0.0,1.0
1.5221871,3.1206677,0.42465535,-0.2924506,-0.323308,-0.3331041,0.0,1.6039935,0.33228582,4.5487065,1.0,0.0,0.0,0.0,0.0,1.0
-0.051732942,2.055395,0.202401,-0.2924506,-0.323308,-0.3331041,0.0,-0.084731594,0.33228582,3.0923305,1.0,0.0,0.0,0.0,0.0,1.0
-1.4851243,3.060813,0.41216746,-0.2924506,-0.323308,-0.3331041,0.0,-1.4357116,0.33228582,4.4668765,1.0,0.0,0.0,0.0,0.0,1.0
2.9977372,3.2091253,0.44311076,-0.2924506,-0.323308,-0.3331041,0.0,2.9549735,0.33228582,4.66964,1.0,0.0,0.0,0.0,0.0,1.0
-0.8808515,6.0001783,1.0254251,-0.2924506,-0.2498126,0.7669793,0.0,-0.92909414,0.33228582,-0.12594338,1.0,0.0,1.0,0.0,0.0,0.0
1.8102707,13.013829,2.4887257,-0.2924506,-0.32259253,1.8487904,0.0,1.772866,0.33228582,-0.12594335,1.0,0.0,1.0,0.0,0.0,0.0
3.50364,2.7215753,0.34139022,-0.2924506,-0.323308,-0.3331041,0.0,3.461591,0.33228582,4.0030913,1.0,0.0,0.0,0.0,0.0,1.0
0.0044784853,6.7602205,1.1839974,-0.2924506,-0.323308,-0.3331041,0.0,0.08414091,0.33228582,9.524481,1.0,0.0,0.0,0.0,0.0,1.0
-1.3375694,5.7437415,0.9719232,-0.2924506,-0.3213906,0.6587065,0.0,-1.2668391,0.33228582,-0.1259434,1.0,0.0,1.0,0.0,0.0,0.0
-0.39602795,2.5842397,0.3127371,-0.2924506,-0.323308,-0.3331041,0.0,-0.42247662,0.33228582,3.815335,1.0,0.0,0.0,0.0,0.0,1.0
-1.3937808,11.877091,2.2515612,-0.2924506,-0.323308,-0.3331041,0.0,-1.4357116,0.33228582,16.519955,1.0,0.0,0.0,0.0,0.0,1.0
-0.2836051,4.537874,0.7203357,-0.2924506,-0.323308,-0.3331041,0.0,-0.2536041,0.33228582,6.4862247,1.0,0.0,0.0,0.0,0.0,1.0
0.36282635,2.6038368,0.31682575,-0.2924506,-0.323308,-0.3331041,0.0,0.42188594,0.33228582,3.8421266,1.0,0.0,0.0,0.0,0.0,1.0
-0.09389152,16.300047,3.1743495,-0.2924506,-0.323308,2.3865716,0.0,-0.084731594,0.33228582,-0.12594338,1.0,0.0,1.0,0.0,0.0,0.0
-0.39602795,3.0955389,0.41941255,-0.2924506,-0.323308,-0.3331041,0.0,-0.42247662,0.33228582,4.514352,1.0,0.0,0.0,0.0,0.0,1.0
1.1989714,16.300047,3.1743495,-0.2924506,-0.323308,2.3865716,0.0,1.2662485,0.33228582,-0.12594338,1.0,0.0,1.0,0.0,0.0,0.0
1.128707,16.300047,3.1743495,-0.2924506,-0.21799235,2.4840567,0.0,1.097376,0.33228582,-0.12594338,1.0,0.0,1.0,0.0,0.0,0.0
-0.09389152,2.7342987,0.3440448,-0.2924506,-0.323308,-0.3331041,0.0,-0.084731594,0.33228582,4.0204864,1.0,0.0,0.0,0.0,0.0,1.0
-0.68411154,11.51065,2.1751082,-0.2924506,-0.27270588,1.6486733,0.0,-0.5913491,0.33228582,-0.12594338,1.0,0.0,1.0,0.0,0.0,0.0
0.43309063,2.613773,0.3188988,-0.2924506,-0.323308,-0.3331041,0.0,0.42188594,0.33228582,3.855711,1.0,0.0,0.0,0.0,0.0,1.0
0.83359706,16.300047,3.1743495,-0.2924506,-0.16871479,2.5296702,0.0,0.92850345,0.33228582,-0.12594338,1.0,0.0,1.0,0.0,0.0,0.0
1.8102707,1.8891197,0.16771,-0.2924506,-0.323308,-0.3331041,0.0,1.772866,0.33228582,2.8650093,1.0,0.0,0.0,0.0,0.0,1.0
0.75630635,2.278591,0.2489677,-0.2924506,-0.323308,-0.3331041,0.0,0.7596309,0.33228582,3.3974702,1.0,0.0,0.0,0.0,0.0,1.0
1.7470328,4.657473,0.7452884,-0.2924506,-0.323308,-0.3331041,0.0,1.772866,0.33228582,6.649733,1.0,0.0,0.0,0.0,0.0,1.0
1.6416364,10.734313,2.0131364,-0.2924506,-0.323308,-0.3331041,0.0,1.6039935,0.33228582,14.957618,1.0,0.0,0.0,0.0,0.0,1.0
-1.3024373,2.6711352,0.33086663,-0.2924506,-0.323308,-0.3331041,0.0,-1.2668391,0.33228582,3.934133,1.0,0.0,0.0,0.0,0.0,1.0
2.604257,4.2481627,0.6598915,-0.2924506,-0.323308,-0.3331041,0.0,2.6172285,0.33228582,6.090149,1.0,0.0,0.0,0.0,0.0,1.0
-0.789508,12.111747,2.3005188,-0.2924506,-0.29400018,1.7274516,0.0,-0.7602216,0.33228582,-0.1259434,1.0,0.0,1.0,0.0,0.0,0.0
-0.8457194,10.244737,1.9109931,-0.2924506,-0.1835648,1.5237678,0.0,-0.7602216,0.33228582,-0.1259434,1.0,0.0,1.0,0.0,0.0,0.0
-1.379728,3.4353685,0.49031326,-0.2924506,-0.323308,-0.3331041,0.0,-1.4357116,0.33228582,4.978946,1.0,0.0,0.0,0.0,0.0,1.0
-0.38900152,9.2916,1.7121346,-0.2924506,-0.323308,1.2382448,0.0,-0.42247662,0.33228582,-0.12594338,1.0,0.0,1.0,0.0,0.0,0.0
1.2130243,16.300047,4.220096,0.74049526,-0.323308,-0.3331041,0.0,1.2662485,0.33228582,22.566751,0.0,0.0,0.0,0.0,0.0,1.0
2.6745214,16.300047,3.1743495,-0.2924506,-0.31612742,2.3932183,0.0,2.786101,0.33228582,-0.12594338,1.0,0.0,1.0,0.0,0.0,0.0
1.7821649,5.8352976,0.9910251,-0.2924506,-0.25751784,0.7328314,0.0,1.772866,0.33228582,-0.12594335,1.0,0.0,1.0,0.0,0.0,0.0
-0.5084508,10.492663,1.9627197,-0.2924506,-0.323308,1.4350377,0.0,-0.42247662,0.33228582,-0.12594338,1.0,0.0,1.0,0.0,0.0,0.0
3.4966135,16.300047,3.1743495,-0.2924506,-0.31275332,2.3963416,0.0,3.461591,0.33228582,-0.12594338,1.0,0.0,1.0,0.0,0.0,0.0
-1.0143536,7.319238,1.3006285,-0.2924506,-0.20747508,1.0222954,0.0,-0.92909414,0.33228582,-0.12594338,1.0,0.0,1.0,0.0,0.0,0.0
-0.8808515,16.300047,3.801916,0.32743374,-0.323308,-0.3331041,0.0,-0.92909414,0.33228582,22.566751,0.0,0.0,0.0,0.0,0.0,1.0
-1.4359394,3.138651,0.42840728,-0.2924506,-0.323308,-0.3331041,0.0,-1.4357116,0.33228582,4.5732923,1.0,0.0,0.0,0.0,0.0,1.0
0.29256207,2.061151,0.20360191,-0.2924506,-0.323308,-0.3331041,0.0,0.25301343,0.33228582,3.1001997,1.0,0.0,0.0,0.0,0.0,1.0
-0.13605009,14.228534,2.742157,-0.2924506,0.5330982,2.8398848,0.0,-0.084731594,0.33228582,-0.12594335,1.0,0.0,1.0,0.0,0.0,0.0
-0.44521296,13.28991,2.5463262,-0.2924506,-0.323308,-0.3331041,0.0,-0.42247662,0.33228582,18.451475,1.0,0.0,0.0,0.0,0.0,1.0
2.6534421,9.723738,1.802294,-0.2924506,-0.323308,-0.3331041,0.0,2.6172285,0.33228582,13.576021,1.0,0.0,0.0,0.0,0.0,1.0
1.276262,16.300047,3.1743495,-0.2924506,-0.323308,2.3865716,0.0,1.2662485,0.33228582,-0.12594338,1.0,0.0,1.0,0.0,0.0,0.0
-0.96516865,2.1695225,0.22621216,-0.2924506,-0.323308,-0.3331041,0.0,-0.92909414,0.33228582,3.248359,1.0,0.0,0.0,0.0,0.0,1.0
1.7821649,16.300047,4.4541073,0.97164166,-0.323308,-0.3331041,0.0,1.772866,0.33228582,22.566751,0.0,0.0,0.0,0.0,0.0,1.0
-1.3937808,8.3142185,1.5082175,-0.2924506,-0.31993943,1.0323291,0.0,-1.4357116,0.33228582,0.28199655,1.0,0.0,1.0,0.0,0.0,0.0
2.2459092,4.524669,0.7175807,-0.2924506,-0.323308,0.45718786,0.0,2.2794836,0.33228582,-0.12594338,1.0,0.0,1.0,0.0,0.0,0.0
1.0373635,1.8757007,0.1649103,-0.2924506,-0.323308,-0.3331041,0.0,1.097376,0.33228582,2.8466635,1.0,0.0,0.0,0.0,0.0,1.0
2.0351164,1.8642302,0.16251713,-0.2924506,-0.323308,-0.3331041,0.0,2.110611,0.33228582,2.8309817,1.0,0.0,0.0,0.0,0.0,1.0
1.3535528,3.6660368,0.53843904,-0.2924506,-0.323308,-0.3331041,0.0,1.4351209,0.33228582,5.294302,1.0,0.0,0.0,0.0,0.0,1.0
-1.0213801,3.676132,0.5405452,-0.2924506,-0.323308,-0.3331041,0.0,-0.92909414,0.33228582,5.308103,1.0,0.0,0.0,0.0,0.0,1.0
3.0469222,1.5876051,0.10480317,-0.2924506,-0.323308,-0.3331041,0.0,3.123846,0.33228582,2.4527967,1.0,0.0,0.0,0.0,0.0,1.0
1.5924513,3.3501291,0.4725293,-0.2924506,-0.323308,-0.3331041,0.0,1.6039935,0.33228582,4.8624125,1.0,0.0,0.0,0.0,0.0,1.0
1.1146542,6.7679896,1.1856183,-0.2924506,-0.323308,-0.3331041,0.0,1.097376,0.33228582,9.535103,1.0,0.0,0.0,0.0,0.0,1.0
3.4193227,16.300047,3.1743495,-0.2924506,-0.323308,2.3865716,0.0,3.461591,0.33228582,-0.12594338,1.0,0.0,1.0,0.0,0.0,0.0
-1.5905209,2.4230192,0.27910066,-0.2924506,-0.323308,-0.3331041,0.0,-1.6045842,0.33228582,3.5949237,1.0,0.0,0.0,0.0,0.0,1.0
3.2225828,16.300047,4.2725224,0.79227966,-0.323308,-0.3331041,0.0,3.2927186,0.33228582,22.566751,0.0,0.0,0.0,0.0,0.0,1.0
1.2341036,4.8781877,0.7913374,-0.2924506,-0.323308,-0.3331041,0.0,1.2662485,0.33228582,6.9514804,1.0,0.0,0.0,0.0,0.0,1.0
0.20121849,8.23603,1.4919045,-0.2924506,-0.323308,-0.3331041,0.0,0.25301343,0.33228582,11.542118,1.0,0.0,0.0,0.0,0.0,1.0
-1.0143536,2.2165563,0.23602508,-0.2924506,-0.323308,-0.3331041,0.0,-0.92909414,0.33228582,3.3126607,1.0,0.0,0.0,0.0,0.0,1.0
3.0469222,15.130595,2.9303596,-0.2924506,-0.18042469,2.3272173,0.0,3.123846,0.33228582,-0.1259434,1.0,0.0,1.0,0.0,0.0,0.0
0.37687922,4.85676,0.78686684,-0.2924506,-0.323308,-0.3331041,0.0,0.42188594,0.33228582,6.9221864,1.0,0.0,0.0,0.0,0.0,1.0
1.0022314,16.300047,7.3214846,3.8039193,-0.323308,-0.3331041,0.0,1.097376,0.33228582,22.566751,0.0,0.0,0.0,0.0,0.0,1.0
2.3653586,4.556671,0.7242575,-0.2924506,-0.323308,-0.3331041,0.0,2.448356,0.33228582,6.5119233,1.0,0.0,0.0,0.0,0.0,1.0
3.194477,16.300047,3.1743495,-0.2924506,-0.11837042,2.5762713,0.0,3.2927186,0.33228582,-0.12594338,1.0,0.0,1.0,0.0,0.0,0.0
1.0092578,16.300047,9.792605,6.2447915,-0.323308,-0.3331041,0.0,1.097376,0.33228582,22.566751,0.0,0.0,0.0,0.0,0.0,1.0
-0.5506094,2.804061,0.35859972,-0.2924506,-0.323308,-0.3331041,0.0,-0.5913491,0.33228582,4.115861,1.0,0.0,0.0,0.0,0.0,1.0
-1.4640452,5.6884212,0.9603814,-0.2924506,-0.323308,-0.3331041,0.0,-1.4357116,0.33228582,8.059183,1.0,0.0,0.0,0.0,0.0,1.0
-0.1149708,6.4669213,1.1228045,-0.2924506,-0.29980513,0.7971793,0.0,-0.084731594,0.33228582,-0.12594338,1.0,0.0,1.0,0.0,0.0,0.0
2.42157,1.4681795,0.07988666,-0.2924506,-0.323308,-0.3331041,0.0,2.448356,0.33228582,2.2895253,1.0,0.0,0.0,0.0,0.0,1.0
2.2459092,5.014309,0.8197372,-0.2924506,0.1285504,0.95567554,0.0,2.2794836,0.33228582,-0.12594338,1.0,0.0,1.0,0.0,0.0,0.0
1.4940814,16.300047,3.3770769,-0.09220471,-0.323308,-0.3331041,0.0,1.6039935,0.33228582,22.566751,0.0,0.0,0.0,0.0,0.0,1.0
1.7329799,1.5376782,0.094386615,-0.2924506,-0.323308,-0.3331041,0.0,1.772866,0.33228582,2.3845398,1.0,0.0,0.0,0.0,0.0,1.0
-1.2040672,5.084478,0.83437705,-0.2924506,-0.323308,-0.3331041,0.0,-1.0979667,0.33228582,7.233508,1.0,0.0,0.0,0.0,0.0,1.0
-0.5857415,2.5183241,0.29898474,-0.2924506,-0.323308,-0.3331041,0.0,-0.5913491,0.33228582,3.725219,1.0,0.0,0.0,0.0,0.0,1.0
-0.31873724,4.0735188,0.62345445,-0.2924506,-0.323308,-0.3331041,0.0,-0.2536041,0.33228582,5.851386,1.0,0.0,0.0,0.0,0.0,1.0
2.4004908,13.455604,2.580896,-0.2924506,-0.323308,-0.3331041,0.0,2.448356,0.33228582,18.678,1.0,0.0,0.0,0.0,0.0,1.0
2.6253364,16.300047,3.1743495,-0.2924506,-0.323308,2.3865716,0.0,2.6172285,0.33228582,-0.12594338,1.0,0.0,1.0,0.0,0.0,0.0
1.9016142,16.300047,3.1743495,-0.2924506,-0.323308,2.3865716,0.0,1.9417385,0.33228582,-0.12594338,1.0,0.0,1.0,0.0,0.0,0.0
-1.6397058,0.017700104,-0.2887327,-0.2924506,0.8295986,-0.3331041,0.0,-1.6045842,0.017410902,9.210982,1.0,0.0,0.0,0.0,0.0,1.0
1.3395,3.088125,0.41786578,-0.2924506,-0.323308,-0.3331041,0.0,1.4351209,0.33228582,4.504216,1.0,0.0,0.0,0.0,0.0,1.0
0.8617028,2.766732,0.35081157,-0.2924506,-0.323308,-0.3331041,0.0,0.92850345,0.33228582,4.064827,1.0,0.0,0.0,0.0,0.0,1.0
-1.4710715,2.12869,0.217693,-0.2924506,-0.323308,-0.3331041,0.0,-1.4357116,0.33228582,3.1925352,1.0,0.0,0.0,0.0,0.0,1.0
-1.6116002,2.293907,0.2521632,-0.2924506,-0.323308,-0.3331041,0.0,-1.6045842,0.33228582,3.4184096,1.0,0.0,0.0,0.0,0.0,1.0
-1.0424594,5.4977255,0.9205953,-0.2924506,-0.323308,-0.3331041,0.0,-1.0979667,0.33228582,7.798475,1.0,0.0,0.0,0.0,0.0,1.0
